Service,Description,Cost/Month
S3,S3 Standard storage (1 TB per month),"$28,55"
NAT Gateway,Number of NAT Gateways (2),"$722,70"
Load Balancer,"Number of Classic Load Balancers (1), Processed bytes per CLB (100 GB per hour)","$602,25"
Load Balancer,Number of Application Load Balancers (1),"$2.936,43"
EC2,"Operating system (Linux), Quantity (30), Storage for each EC2 instance (General Purpose SSD (gp2)), Storage amount (30 GB), Instance type (t3a.medium)","$683,49"
RDS,"Aurora PostgreSQL-Compatible Edition: Quantity (2), Storage amount (10 TB), Amazon Aurora PostgreSQL Compatible DB instance type (db.t3.medium)","$1.143,72"
,,"$6.117,14"
,,Decrease processed bytes from ALB