Service,Description,Cost/Month,,,Region
S3,S3 Standard storage (1 TB per month),"$1.202,60",,,US East (N. Virginia)
NAT Gateway,Number of NAT Gateways (2),"$722,70",,,
Load Balancer,"Number of Classic Load Balancers (1), Processed bytes per CLB (100 GB per hour)","$602,25",,,
Load Balancer,Number of Application Load Balancers (1),"$5.996,59",,,
EC2,"Operating system (Linux), Quantity (60), Storage for each EC2 instance (General Purpose SSD (gp2)), Storage amount (100 GB), Instance type (t3a.xlarge)","$5.352,30",,,
RDS,"Quantity (4), Storage amount (30 TB), Amazon Aurora PostgreSQL Compatible DB instance type (db.t3.large), Additional backup storage (30 TB)","$4.196,00",,,
Elastic IP,"Number of EC2 instances (2), Number of EIPs per instance (4)","$21,90",,,
,,"$18.094,34",,,
,,Increse S3 storage capacity. Also improve RDS machine and add redundancy and add more EC2 instances,,,